Adarsh Pyarelal <adarsh.pyarelal@gmail.com> Adarsh <adarsh.pyarelal@gmail.com> 
Adarsh Pyarelal <adarsh.pyarelal@gmail.com> Adarsh Pyarelal <adarsh@email.arizona.edu>
Albert Steppi <albert_steppi@hms.harvard.edu> Albert Steppi <albertsteppi@Alberts-MacBook-Pro.local>
Albert Steppi <albert_steppi@hms.harvard.edu> steppi <albert_steppi@hms.harvard.edusdfjdifjijs>
Albert Steppi <albert_steppi@hms.harvard.edu> steppi <albert_steppi@hms.harvard.edu>
Ben Gyori <ben.gyori@gmail.com> Ben <ben@lspbgyorimbp.private.wireless.med.harvard.edu> 
Ben Gyori <ben.gyori@gmail.com> bgyori <ben.gyori@gmail.com>
Ben Gyori <ben.gyori@gmail.com> Benjamin M. Gyori <ben.gyori@gmail.com>
Daniel Milstein <djmilstein@gmail.com> Daniel Milstein <djmilstein (at) gmail period com>
Diana Kolusheva <dianakolusheva@gmail.com> Diana Kolusheva <35860871+dianakolusheva@users.noreply.github.com>
Diana Kolusheva <dianakolusheva@gmail.com> dianakolusheva <dianakolusheva@gmail.com>
Patrick Greene <patrick.anton.greene@gmail.com> Patrick Greene <phystheory4fun@gmail.com>
Patrick Greene <patrick.anton.greene@gmail.com> P. Greene <patrick.anton.greene@gmail.com>
Patrick Greene <patrick.anton.greene@gmail.com> pagreene <patrick.anton.greene@gmail.com>
Petar Todorov <petar.v.todorov@gmail.com> pvtodorov <petar.v.todorov@gmail.com>
Petar Todorov <petar.v.todorov@gmail.com> Unknown <petar.v.todorov@gmail.com>
John Bachman <bachmanjohn@gmail.com> John A. Bachman <bachmanjohn@gmail.com>
Klas Karis <karis.klas@gmail.com> kkaris <karis.klas@gmail.com>
Priti Shaw <pritishaw0103@gmail.com> PritiShaw <pritishaw0103@gmail.com>
Priti Shaw <pritishaw0103@gmail.com> Priti Shaw <34039705+PritiShaw@users.noreply.github.com>
Askar Kolushev <19ak97@gmail.com> kolusask <19ak97@gmail.com>
